{
  "analysis_scope": "Controlled synthetic OOD sensitivity of frozen field-adapted checkpoints; no retraining or threshold tuning",
  "seed": 20261201,
  "samples_per_profile": 8,
  "profiles": {
    "reference": {
      "U-Net": {
        "mean_dice": 0.5228342819234609,
        "standard_deviation_dice": 0.14722339258023637,
        "minimum_dice": 0.3130931372177746,
        "maximum_dice": 0.7146746378477811,
        "mean_precision": 0.44296235695681957,
        "mean_recall": 0.7429668156155399,
        "mean_dice_change_from_reference": 0.0
      },
      "Hybrid DSA": {
        "mean_dice": 0.3213191630902099,
        "standard_deviation_dice": 0.13123539244914834,
        "minimum_dice": 0.09260360645365391,
        "maximum_dice": 0.4603270103896827,
        "mean_precision": 0.2127809492280594,
        "mean_recall": 0.8148876682176115,
        "mean_dice_change_from_reference": 0.0
      },
      "SwinUNETR": {
        "mean_dice": 0.5150639122595504,
        "standard_deviation_dice": 0.08905115054589291,
        "minimum_dice": 0.38730421325079384,
        "maximum_dice": 0.6168364500658663,
        "mean_precision": 0.43549752159399985,
        "mean_recall": 0.7135527107256299,
        "mean_dice_change_from_reference": 0.0
      }
    },
    "low_frequency": {
      "U-Net": {
        "mean_dice": 0.5297207629156524,
        "standard_deviation_dice": 0.13889777465948397,
        "minimum_dice": 0.28180062878458567,
        "maximum_dice": 0.7443839737957114,
        "mean_precision": 0.4360460351893609,
        "mean_recall": 0.7780424540517341,
        "mean_dice_change_from_reference": 0.006886480992191468
      },
      "Hybrid DSA": {
        "mean_dice": 0.29348837597022587,
        "standard_deviation_dice": 0.13439877897301464,
        "minimum_dice": 0.06898005889697294,
        "maximum_dice": 0.4422847935167029,
        "mean_precision": 0.18903879636278784,
        "mean_recall": 0.8391065444349692,
        "mean_dice_change_from_reference": -0.027830787119984046
      },
      "SwinUNETR": {
        "mean_dice": 0.48149171691768666,
        "standard_deviation_dice": 0.09032594771112011,
        "minimum_dice": 0.3727264489235828,
        "maximum_dice": 0.5958833138011701,
        "mean_precision": 0.40655059955669404,
        "mean_recall": 0.6845511671065967,
        "mean_dice_change_from_reference": -0.03357219534186373
      }
    },
    "high_frequency": {
      "U-Net": {
        "mean_dice": 0.5044565358931828,
        "standard_deviation_dice": 0.15194809014650884,
        "minimum_dice": 0.2732784813530155,
        "maximum_dice": 0.69221082419526,
        "mean_precision": 0.44177765540147024,
        "mean_recall": 0.7034135863434049,
        "mean_dice_change_from_reference": -0.018377746030278086
      },
      "Hybrid DSA": {
        "mean_dice": 0.31737979631146973,
        "standard_deviation_dice": 0.09137515348485518,
        "minimum_dice": 0.16065938522411535,
        "maximum_dice": 0.4110911576123665,
        "mean_precision": 0.2077618073139092,
        "mean_recall": 0.8036976772750142,
        "mean_dice_change_from_reference": -0.003939366778740183
      },
      "SwinUNETR": {
        "mean_dice": 0.4897485263087079,
        "standard_deviation_dice": 0.08194865587552508,
        "minimum_dice": 0.37194433032046015,
        "maximum_dice": 0.591107326262548,
        "mean_precision": 0.4183652189751007,
        "mean_recall": 0.6745989278726795,
        "mean_dice_change_from_reference": -0.025315385950842484
      }
    },
    "high_noise": {
      "U-Net": {
        "mean_dice": 0.4424970884592057,
        "standard_deviation_dice": 0.1520172582392739,
        "minimum_dice": 0.22104436684641013,
        "maximum_dice": 0.6275402679512269,
        "mean_precision": 0.354663543368688,
        "mean_recall": 0.7312073051857537,
        "mean_dice_change_from_reference": -0.08033719346425522
      },
      "Hybrid DSA": {
        "mean_dice": 0.14842660720538126,
        "standard_deviation_dice": 0.06801918888397729,
        "minimum_dice": 0.06612428439853359,
        "maximum_dice": 0.24973069177087726,
        "mean_precision": 0.08293458639417575,
        "mean_recall": 0.9251551453928099,
        "mean_dice_change_from_reference": -0.17289255588482866
      },
      "SwinUNETR": {
        "mean_dice": 0.47393482014979105,
        "standard_deviation_dice": 0.08480725220294653,
        "minimum_dice": 0.35813959267865353,
        "maximum_dice": 0.5835305418941028,
        "mean_precision": 0.38429115655790747,
        "mean_recall": 0.6985006046944606,
        "mean_dice_change_from_reference": -0.041129092109759346
      }
    },
    "low_throw": {
      "U-Net": {
        "mean_dice": 0.42423889146333393,
        "standard_deviation_dice": 0.1771349764155058,
        "minimum_dice": 0.1375159969962665,
        "maximum_dice": 0.6727758820839342,
        "mean_precision": 0.500900045951713,
        "mean_recall": 0.44432796431160815,
        "mean_dice_change_from_reference": -0.098595390460127
      },
      "Hybrid DSA": {
        "mean_dice": 0.2783869275500015,
        "standard_deviation_dice": 0.1509238907572903,
        "minimum_dice": 0.08012693088916678,
        "maximum_dice": 0.4490599950979947,
        "mean_precision": 0.2384928715031271,
        "mean_recall": 0.47862607638862864,
        "mean_dice_change_from_reference": -0.04293223554020842
      },
      "SwinUNETR": {
        "mean_dice": 0.36105520864568225,
        "standard_deviation_dice": 0.12748691964073783,
        "minimum_dice": 0.1656940056411516,
        "maximum_dice": 0.6091466451424548,
        "mean_precision": 0.43472724435659993,
        "mean_recall": 0.36392514862003494,
        "mean_dice_change_from_reference": -0.15400870361386815
      }
    },
    "high_curvature": {
      "U-Net": {
        "mean_dice": 0.5367692304869296,
        "standard_deviation_dice": 0.0953200813346974,
        "minimum_dice": 0.36373796815838694,
        "maximum_dice": 0.6939632663414051,
        "mean_precision": 0.43582991598136556,
        "mean_recall": 0.7667047648374699,
        "mean_dice_change_from_reference": 0.013934948563468663
      },
      "Hybrid DSA": {
        "mean_dice": 0.3584913680541689,
        "standard_deviation_dice": 0.12097239179138859,
        "minimum_dice": 0.13555139477294495,
        "maximum_dice": 0.5089286684315167,
        "mean_precision": 0.23919001666203238,
        "mean_recall": 0.8304445919260317,
        "mean_dice_change_from_reference": 0.03717220496395901
      },
      "SwinUNETR": {
        "mean_dice": 0.5494766226878309,
        "standard_deviation_dice": 0.08468691759979463,
        "minimum_dice": 0.4157286044718581,
        "maximum_dice": 0.6718221132021376,
        "mean_precision": 0.46983987247096165,
        "mean_recall": 0.7260900231008707,
        "mean_dice_change_from_reference": 0.034412710428280535
      }
    },
    "strong_depth_dip": {
      "U-Net": {
        "mean_dice": 0.3452961287933097,
        "standard_deviation_dice": 0.13549574900184574,
        "minimum_dice": 0.042011646373742724,
        "maximum_dice": 0.4839408480409388,
        "mean_precision": 0.2940439357369574,
        "mean_recall": 0.5323782459429083,
        "mean_dice_change_from_reference": -0.17753815313015125
      },
      "Hybrid DSA": {
        "mean_dice": 0.2374097921639773,
        "standard_deviation_dice": 0.07670077102944362,
        "minimum_dice": 0.086837221394245,
        "maximum_dice": 0.33941698931362807,
        "mean_precision": 0.14529905062317003,
        "mean_recall": 0.7693696122606292,
        "mean_dice_change_from_reference": -0.0839093709262326
      },
      "SwinUNETR": {
        "mean_dice": 0.372559970471204,
        "standard_deviation_dice": 0.06061448105342203,
        "minimum_dice": 0.2565567657840285,
        "maximum_dice": 0.45559171895446765,
        "mean_precision": 0.34425490840035033,
        "mean_recall": 0.4804273293926881,